المعرف,المدينة الكبرى,النطاق الجغرافي,المنطقة / الحي,البلدية,الاسم البديل,خط العرض,خط الطول,بُعد عن مركز المدينة (كم),دقة البلدية,تعريب مطلوب,المصدر
0001,طرابلس,جنوب شرق طرابلس,Alsaaba'a,سوق الجمعة,,32.851693,13.263033,9.4,3.6 كم,نعم,OSM relation/14714391
0002,طرابلس,جنوب شرق طرابلس,Badri,أبوسليم,,32.83361,13.212397,7.7,3.9 كم,نعم,OSM relation/14714482
0003,طرابلس,جنوب شرق طرابلس,Farnaj,سوق الجمعة,,32.845009,13.234216,7.8,4.8 كم,نعم,OSM relation/14714426
0004,طرابلس,جنوب شرق طرابلس,الجنين تاجوراء,عين زارة,Al jiniyn Tajoura,32.757707,13.444966,29.4,15.4 كم,لا,OSM node/4438222796
0005,طرابلس,جنوب شرق طرابلس,الحي المغلق- السدرة,عين زارة,Alsedra close residential place,32.798876,13.238378,12.3,4.6 كم,لا,OSM node/6175328885
0006,طرابلس,جنوب شرق طرابلس,السبعة,سوق الجمعة,ASsabaa,32.837295,13.254213,9.7,5.1 كم,لا,OSM way/991803802
0007,طرابلس,جنوب شرق طرابلس,العميد,عين زارة,,32.738808,13.354357,24.1,8.9 كم,لا,OSM node/5471177051
0008,طرابلس,جنوب شرق طرابلس,اللانشة,أبوسليم,Al lansha,32.868625,13.200814,3.8,4.1 كم,لا,OSM node/7625965408
0009,طرابلس,جنوب شرق طرابلس,المدار,أبوسليم,Almadar,32.867379,13.207038,4.3,4.4 كم,لا,OSM node/5475837423
0010,طرابلس,جنوب شرق طرابلس,النعم,عين زارة,Al Naeam,32.666185,13.395215,32.7,17.6 كم,لا,OSM node/5471177060
0011,طرابلس,جنوب شرق طرابلس,الهضبة الشرقية,أبوسليم,Eastern Hadbah,32.852028,13.212393,5.9,4.0 كم,لا,OSM node/7580296867
0012,طرابلس,جنوب شرق طرابلس,باب بن غشير,أبوسليم,Bab Ben Ghashir,32.866316,13.197293,3.8,3.6 كم,لا,OSM relation/14714289
0013,طرابلس,جنوب شرق طرابلس,بونعيم,أبوسليم,Abu Naeem,32.853854,13.206291,5.5,3.5 كم,لا,OSM node/7625965405
0014,طرابلس,جنوب شرق طرابلس,تقسيم بن دخيل,أبوسليم,Bin Dakhil,32.859824,13.204429,4.8,3.7 كم,لا,OSM node/7625965406
0015,طرابلس,جنوب شرق طرابلس,حي السرور,تاجوراء,Al Sorour,32.807353,13.418765,24.6,10.5 كم,لا,OSM node/4777337522
0016,طرابلس,جنوب شرق طرابلس,حي العين,عين زارة,Al Ain neighborhood,32.801676,13.284308,14.5,0.8 كم,لا,OSM node/4752599725
0017,طرابلس,جنوب شرق طرابلس,حي النجع,عين زارة,,32.77776,13.26107,15.3,3.1 كم,لا,OSM node/5090394022
0018,طرابلس,جنوب شرق طرابلس,حي الياسمين,عين زارة,Jasmine Town,32.810259,13.232349,10.9,5.4 كم,لا,OSM node/5335212722
0019,طرابلس,جنوب شرق طرابلس,حي بني وليد,عين زارة,Bani Walid Suburb,32.819639,13.320935,15.9,4.2 كم,لا,OSM node/6446871685
0020,طرابلس,جنوب شرق طرابلس,حي دمشق,أبوسليم,,32.856772,13.2002,4.9,3.2 كم,لا,OSM relation/14714293
0021,طرابلس,جنوب شرق طرابلس,حي طيبة,عين زارة,Hay Taiba,32.763219,13.270837,17.2,3.9 كم,لا,OSM node/4685189794
0022,طرابلس,جنوب شرق طرابلس,خلة عرادة,عين زارة,Khalla Arada,32.743492,13.288835,19.9,5.8 كم,لا,OSM node/7242250210
0023,طرابلس,جنوب شرق طرابلس,خلة فارس,عين زارة,Khalla Fares,32.771576,13.364443,22.3,7.7 كم,لا,OSM node/7241078223
0024,طرابلس,جنوب شرق طرابلس,راس حسن,سوق الجمعة,,32.872273,13.21586,4.5,4.0 كم,لا,OSM relation/14714070
0025,طرابلس,جنوب شرق طرابلس,زناتة,سوق الجمعة,,32.864024,13.23252,6.3,3.1 كم,لا,OSM relation/14714369
0026,طرابلس,جنوب شرق طرابلس,سيدي المصري,سوق الجمعة,SIDI EL MASSRI,32.869219,13.210686,4.3,4.6 كم,لا,OSM node/4931695821
0027,طرابلس,جنوب شرق طرابلس,صلاح الدين,أبوسليم,,32.832017,13.233426,8.9,5.9 كم,لا,OSM relation/14714480
0028,طرابلس,جنوب شرق طرابلس,عمارات أبن النفيس,أبوسليم,Ibn Nafis,32.826511,13.224203,8.9,5.2 كم,لا,OSM node/4760785821
0029,طرابلس,جنوب شرق طرابلس,عين زارة -خمسة شوارع,عين زارة,Ain Zara 5 St,32.832256,13.254101,10.1,5.1 كم,لا,OSM node/1565509061
0030,طرابلس,جنوب شرق طرابلس,قرية المزاوغة,عين زارة,Mazawgha Village,32.828537,13.254716,10.4,4.8 كم,لا,OSM node/7794281877
0031,طرابلس,جنوب شرق طرابلس,قرية كوسا,عين زارة,Kusa Village,32.778714,13.395108,24.2,10.3 كم,لا,OSM node/5892408098
0032,طرابلس,جنوب طرابلس,Hadhba Alkhdra,أبوسليم,,32.83281,13.205027,7.5,3.3 كم,نعم,OSM relation/14714484
0033,طرابلس,جنوب طرابلس,Hai Al-Akukh,أبوسليم,,32.839872,13.156296,6.6,1.4 كم,نعم,OSM relation/14708094
0034,طرابلس,جنوب طرابلس,Naseer Park,أبوسليم,,32.861967,13.186334,3.9,2.6 كم,نعم,OSM relation/14708294
0035,طرابلس,جنوب طرابلس,Shuhada Damoun,أبوسليم,,32.852919,13.182195,4.9,1.6 كم,نعم,OSM relation/14713989
0036,طرابلس,جنوب طرابلس,Tariq Almathar,أبوسليم,,32.850225,13.156508,5.5,1.7 كم,نعم,OSM relation/14708130
0037,طرابلس,جنوب طرابلس,أبوسليم,أبوسليم,,32.835911,13.171147,6.8,0.6 كم,لا,OSM relation/14714528
0038,طرابلس,جنوب طرابلس,أم درمان,أبوسليم,Um durman,32.853134,13.185605,4.9,1.8 كم,لا,OSM node/7625965404
0039,طرابلس,جنوب طرابلس,الهضبة الخضراء خالد بن الوليد,أبوسليم,Al-Hadba Al-Khadra Khaled Ben Al-Waleed,32.840016,13.186433,6.4,1.4 كم,لا,OSM node/3217375061
0040,طرابلس,جنوب طرابلس,حديقة حيوان,أبوسليم,,32.858952,13.178594,4.2,2.0 كم,لا,OSM relation/14708161
0041,طرابلس,جنوب طرابلس,حي أبوشهيوة,قصر بن غشير,Abu Shihyah,32.667265,13.190758,25.5,2.5 كم,لا,OSM node/8780965542
0042,طرابلس,جنوب طرابلس,حي أبوظهير,قصر بن غشير,Abu Dhahir,32.684908,13.178417,23.5,0.2 كم,لا,OSM node/8780903700
0043,طرابلس,جنوب طرابلس,حي الأنوار السكني,قصر بن غشير,Al-Anwar District,32.741926,13.182019,17.2,6.2 كم,لا,OSM node/4580665489
0044,طرابلس,جنوب طرابلس,حي الاكابر,قصر بن غشير,Al Akaber,32.681291,13.177019,23.9,0.5 كم,لا,OSM node/8780903701
0045,طرابلس,جنوب طرابلس,حي الانتصار,أبوسليم,Al Antisar,32.853343,13.161188,5.1,1.6 كم,لا,OSM node/4890541422
0046,طرابلس,جنوب طرابلس,حي التوتة,أبوسليم,,32.774768,13.181737,13.6,7.5 كم,لا,OSM node/9951637817
0047,طرابلس,جنوب طرابلس,حي الحداد,أبوسليم,Al Haddad,32.83482,13.194982,7.1,2.3 كم,لا,OSM node/7885064071
0048,طرابلس,جنوب طرابلس,حي الزهور- صلاح الدين,أبوسليم,Azzohour -Salah Adden,32.806551,13.221839,10.8,6.1 كم,لا,OSM node/7245975476
0049,طرابلس,جنوب طرابلس,حي السلام,قصر بن غشير,Salam District,32.748591,13.180834,16.5,7.0 كم,لا,OSM node/9636491792
0050,طرابلس,جنوب طرابلس,حي الكادوشي,أبوسليم,,32.796647,13.166952,11.2,5.0 كم,لا,OSM node/5502598321
0051,طرابلس,جنوب طرابلس,حي الملجا,قصر بن غشير,Hay Al Malja,32.689273,13.174233,23.1,0.4 كم,لا,OSM node/8988682147
0052,طرابلس,جنوب طرابلس,حي بلوزة,أبوسليم,Blouse suburb,32.845754,13.184382,5.7,1.3 كم,لا,OSM node/7885064072
0053,طرابلس,جنوب طرابلس,خلة الفرجان,عين زارة,Khalla Al Ferjan,32.783421,13.216784,13.1,6.7 كم,لا,OSM node/7241078225
0054,طرابلس,جنوب طرابلس,عبدالله بن الزبير,أبوسليم,Abdullah bin Al-Zubair,32.836503,13.203678,7.1,3.0 كم,لا,OSM node/7885064070
0055,طرابلس,جنوب طرابلس,غرغور,أبوسليم,Gharghur,32.863404,13.168924,3.8,2.4 كم,لا,OSM relation/14708296
0056,طرابلس,جنوب طرابلس,منطقة حي الأكواخ سابقا,أبوسليم,The former tin neighborhood,32.841236,13.155036,6.5,1.6 كم,لا,OSM node/4487407135
0057,طرابلس,جنوب غرب طرابلس,Addrebe,حي الأندلس,,32.848403,13.129286,7.0,3.0 كم,نعم,OSM relation/14710626
0058,طرابلس,جنوب غرب طرابلس,Alfaih Industrial Region,أبوسليم,,32.847137,13.147383,6.2,2.3 كم,نعم,OSM relation/14708154
0059,طرابلس,جنوب غرب طرابلس,Arriadia,حي الأندلس,,32.861125,13.142912,5.1,2.1 كم,نعم,OSM relation/14710691
0060,طرابلس,جنوب غرب طرابلس,Gargaresh,حي الأندلس,,32.875296,13.130918,5.0,0.2 كم,نعم,OSM relation/14710700
0061,طرابلس,جنوب غرب طرابلس,Gurji,حي الأندلس,,32.870905,13.152757,3.7,2.3 كم,نعم,OSM relation/14710506
0062,طرابلس,جنوب غرب طرابلس,Gurji Alshemalia,حي الأندلس,,32.860231,13.122891,6.5,1.7 كم,نعم,OSM relation/14708557
0063,طرابلس,جنوب غرب طرابلس,Kashliaf,حي الأندلس,,32.856391,13.131926,6.2,2.1 كم,نعم,OSM relation/14710628
0064,طرابلس,جنوب غرب طرابلس,Qaryat Salah,حي الأندلس,,32.853535,13.122354,7.1,2.5 كم,نعم,OSM relation/14710627
0065,طرابلس,جنوب غرب طرابلس,الدعوة الإسلامية,حي الأندلس,Islamic Call Society,32.834502,13.116402,9.0,4.6 كم,لا,OSM node/1565509969
0066,طرابلس,جنوب غرب طرابلس,الكريمية,سواني بن أدم,Al Krimiya,32.752202,13.062822,19.3,4.4 كم,لا,OSM way/342138800
0067,طرابلس,جنوب غرب طرابلس,حي الآثار,حي الأندلس,Al Athar District,32.865795,13.113396,6.9,1.7 كم,لا,OSM node/7990031995
0068,طرابلس,جنوب غرب طرابلس,حي الاسلامي,حي الأندلس,Islamic neighborhood,32.848725,13.119908,7.6,3.0 كم,لا,OSM node/4384949290
0069,طرابلس,جنوب غرب طرابلس,حي الزهور,أبوسليم,hay al zohor,32.83839,13.149031,7.0,2.1 كم,لا,OSM node/5052042221
0070,طرابلس,جنوب غرب طرابلس,حي الكويت,جنزور,Kuwait Suburb,32.833591,13.01583,16.7,1.3 كم,لا,OSM node/9376228339
0071,طرابلس,جنوب غرب طرابلس,حي الوحدة,حي الأندلس,Al Wahda,32.852503,13.079568,10.4,5.2 كم,لا,OSM node/7870006900
0072,طرابلس,جنوب غرب طرابلس,فيلات الدريبي حي الزهور,حي الأندلس,,32.843617,13.117843,8.1,3.6 كم,لا,OSM node/4379419197
0073,طرابلس,شرق طرابلس,A'Arada,سوق الجمعة,,32.885024,13.285118,10.1,2.6 كم,نعم,OSM relation/14708389
0074,طرابلس,شرق طرابلس,Abu Sittia,سوق الجمعة,,32.899897,13.227788,4.7,3.3 كم,نعم,OSM relation/14708502
0075,طرابلس,شرق طرابلس,النوفليين,سوق الجمعة,Noofliyyeen,32.891036,13.215965,3.6,3.9 كم,لا,OSM relation/14708500
0076,طرابلس,شرق طرابلس,Suq Al-Jumla,سوق الجمعة,,32.888975,13.262284,7.9,0.8 كم,نعم,OSM relation/14714035
0077,طرابلس,شرق طرابلس,أبو الاشهر,تاجوراء,Abu Al Ashahr,32.896458,13.309152,12.3,4.3 كم,لا,OSM relation/14708372
0078,طرابلس,شرق طرابلس,الكواتب,تاجوراء,Al-Kwateb,32.890976,13.348889,16.0,0.9 كم,لا,OSM way/1344426967
0079,طرابلس,شرق طرابلس,الهاني,سوق الجمعة,,32.884157,13.227037,4.8,2.8 كم,لا,OSM relation/14714052
0080,طرابلس,شرق طرابلس,الهنشير,سوق الجمعة,Al Hanshir,32.897623,13.237559,5.6,2.4 كم,لا,OSM node/1565509156
0081,طرابلس,شرق طرابلس,بو الأشهر,تاجوراء,Bu al Ashhar,32.883422,13.316787,13.1,3.3 كم,لا,OSM node/1565510642
0082,طرابلس,شرق طرابلس,حي سكني تريلات,تاجوراء,Motel,32.846415,13.395138,21.1,5.7 كم,لا,OSM node/5123058721
0083,طرابلس,شرق طرابلس,عمارات سمافرو مستشفى القلب,تاجوراء,Residential quarter Heart Hospital,32.87642,13.393915,20.3,3.9 كم,لا,OSM node/5539173622
0084,طرابلس,شرق طرابلس,قبلية أولاد ذياب,سوق الجمعة,Qabilat Awlad Dhiyab,32.902222,13.270833,8.7,2.5 كم,لا,OSM node/1565511489
0085,طرابلس,طرابلس المركز,Abu-Hrida,أبوسليم,,32.876436,13.1765,2.3,3.9 كم,نعم,OSM relation/14708291
0086,طرابلس,طرابلس المركز,Aljala,حي الأندلس,,32.886348,13.161915,1.9,3.4 كم,نعم,OSM relation/14713893
0087,طرابلس,طرابلس المركز,Almaari,حي الأندلس,,32.890855,13.17199,0.8,4.4 كم,نعم,OSM relation/14713892
0088,طرابلس,طرابلس المركز,Alsreem,أبوسليم,,32.883669,13.183565,1.5,4.8 كم,نعم,OSM relation/14713904
0089,طرابلس,طرابلس المركز,Bab Azizia,أبوسليم,,32.87185,13.172707,2.8,3.4 كم,نعم,OSM relation/14708292
0090,طرابلس,طرابلس المركز,بن عاشور,سوق الجمعة,Ben Ashour,32.878086,13.205684,3.3,4.8 كم,لا,OSM relation/14713957
0091,طرابلس,طرابلس المركز,Dahra,سوق الجمعة,,32.892062,13.197579,1.9,5.6 كم,نعم,OSM relation/14713971
0092,طرابلس,طرابلس المركز,Downtown,حي الأندلس,,32.890741,13.177843,0.7,4.9 كم,نعم,OSM relation/14713897
0093,طرابلس,طرابلس المركز,Fashloum,سوق الجمعة,,32.887777,13.201352,2.4,5.2 كم,نعم,OSM relation/14713956
0094,طرابلس,طرابلس المركز,Mansoura,حي الأندلس,,32.880106,13.168148,2.1,3.8 كم,نعم,OSM relation/14713905
0095,طرابلس,طرابلس المركز,Shar'a Zawya,أبوسليم,,32.877124,13.188693,2.4,4.3 كم,نعم,OSM relation/14713917
0096,طرابلس,طرابلس المركز,Sidi Khalifa,أبوسليم,,32.875184,13.184981,2.5,3.9 كم,نعم,OSM relation/14708323
0097,طرابلس,طرابلس المركز,Sowahilii,حي الأندلس,,32.895035,13.167937,0.9,4.3 كم,نعم,OSM relation/14713890
0098,طرابلس,طرابلس المركز,Suq Tuleta,حي الأندلس,,32.876643,13.162118,2.7,3.2 كم,نعم,OSM relation/14708542
0099,طرابلس,طرابلس المركز,Zawiyat Addhmani,سوق الجمعة,,32.898137,13.213148,3.3,4.4 كم,نعم,OSM relation/14708501
0100,طرابلس,طرابلس المركز,المدينة القديمة,حي الأندلس,Old City,32.897374,13.177037,0.1,5.2 كم,لا,OSM relation/14713891
0101,طرابلس,طرابلس المركز,المنصورة,حي الأندلس,Al-Mansoura,32.878525,13.165805,2.3,3.5 كم,لا,OSM way/337151812
0102,طرابلس,طرابلس المركز,سيدي خليفة,أبوسليم,Sidi Khalifa,32.872412,13.185909,2.8,3.7 كم,لا,OSM node/7870006894
0103,بنغازي,بنغازي المركز,أبو زغيبة,بنغازي,Abu Zoughaiba,32.103136,20.089814,2.0,2.0 كم,لا,OSM way/328053390
0104,بنغازي,بنغازي المركز,أرض أزواوة,بنغازي,Ard Izwawa,32.133791,20.102151,2.5,2.5 كم,لا,OSM node/3211348874
0105,بنغازي,بنغازي المركز,أرض أزواوة البحرية,بنغازي,Ard Izwawa Albahriya,32.135444,20.097409,2.3,2.3 كم,لا,OSM node/3211357016
0106,بنغازي,بنغازي المركز,أرض الحراسة,بنغازي,Ard Alherasaa,32.117702,20.105008,2.3,2.3 كم,لا,OSM way/328053406
0107,بنغازي,بنغازي المركز,البدرية,بنغازي,AL BADRIYAH,32.110977,20.107774,2.7,2.7 كم,لا,OSM way/328053409
0108,بنغازي,بنغازي المركز,البركة,بنغازي,Berca,32.099673,20.08453,2.3,2.3 كم,لا,OSM node/1161850955
0109,بنغازي,بنغازي المركز,الحميضة,بنغازي,Alhoummai'dah,32.096295,20.08501,2.7,2.7 كم,لا,OSM node/3278085921
0110,بنغازي,بنغازي المركز,الرويسات,بنغازي,Arrwuissat,32.102326,20.085051,2.0,2.0 كم,لا,OSM way/327629969
0111,بنغازي,بنغازي المركز,السلماني الغربي,بنغازي,Western Assalmani,32.114171,20.091541,1.2,1.2 كم,لا,OSM way/328053396
0112,بنغازي,بنغازي المركز,الصابري,بنغازي,As-Sabiri,32.138332,20.083536,2.0,2.0 كم,لا,OSM node/3211382660
0113,بنغازي,بنغازي المركز,الفندق البلدي,بنغازي,Al Fonduq Al Baladi,32.122492,20.074701,0.7,0.7 كم,لا,OSM way/328125925
0114,بنغازي,بنغازي المركز,اللثامة,بنغازي,Al Lathamah,32.14838,20.091551,3.3,3.3 كم,لا,OSM node/1565511440
0115,بنغازي,بنغازي المركز,الماجوري,بنغازي,Almajoory,32.095873,20.094408,3.0,3.0 كم,لا,OSM way/327629968
0116,بنغازي,بنغازي المركز,الوحيشي,بنغازي,AL WHESHEI,32.131615,20.115326,3.5,3.5 كم,لا,OSM way/327325860
0117,بنغازي,بنغازي المركز,جليانة,بنغازي,Julyana,32.101025,20.05517,3.2,3.2 كم,لا,OSM node/1169926699
0118,بنغازي,بنغازي المركز,حي الزمالك,بنغازي,,32.109641,20.100302,2.1,2.1 كم,لا,OSM way/327668842
0119,بنغازي,بنغازي المركز,حي الفاتح,بنغازي,Hai Alfatih,32.102641,20.108027,3.2,3.2 كم,لا,OSM way/327668845
0120,بنغازي,بنغازي المركز,حي لنقي,بنغازي,Hai Langhi,32.104358,20.086872,1.8,1.8 كم,لا,OSM way/328053394
0121,بنغازي,بنغازي المركز,رأس عُبيده,بنغازي,Ra's Obidah,32.108349,20.083981,1.3,1.3 كم,لا,OSM way/327735200
0122,بنغازي,بنغازي المركز,سوق الحوت,بنغازي,Souq Alhout,32.119669,20.061597,1.8,1.8 كم,لا,OSM way/328125919
0123,بنغازي,بنغازي المركز,سيدي أخريبيش,بنغازي,Sidi Khribiech,32.12652,20.065763,1.6,1.6 كم,لا,OSM way/328125926
0124,بنغازي,بنغازي المركز,سيدي حسين,بنغازي,Sidi Hussain,32.110042,20.074685,1.3,1.3 كم,لا,OSM node/3278085956
0125,بنغازي,بنغازي المركز,سيدي يونس,بنغازي,Sidi Yuniss,32.139502,20.105808,3.2,3.2 كم,لا,OSM way/327325861
0126,بنغازي,بنغازي المركز,عمارات الصبخة,بنغازي,Assbakha Apartment Complex,32.126277,20.084376,0.8,0.8 كم,لا,OSM way/327939898
0127,بنغازي,بنغازي المركز,عمارات الكعب العالي,بنغازي,,32.111741,20.076979,1.0,1.0 كم,لا,OSM way/327735207
0128,بنغازي,بنغازي المركز,فيلات الملك ادريس,بنغازي,,32.111001,20.112044,3.1,3.1 كم,لا,OSM way/328053414
0129,بنغازي,جنوب بنغازي,الحليس,,ALHILLEES,31.890588,20.005266,26.5,غير محدد,لا,OSM node/3236667234
0130,بنغازي,جنوب بنغازي,الرحبة,بنغازي,Arrhaba,32.076058,20.066102,5.1,5.1 كم,لا,OSM node/3215523777
0131,بنغازي,جنوب شرق بنغازي,أرض لملوم,بنغازي,Ard Lamloom,32.095523,20.109768,3.8,3.8 كم,لا,OSM way/327379335
0132,بنغازي,جنوب شرق بنغازي,الحدائق,بنغازي,Alhadai'aq,32.090692,20.106517,4.0,4.0 كم,لا,OSM way/327379336
0133,بنغازي,جنوب شرق بنغازي,الليثي,زمزم,Allithi,32.091458,20.126806,5.3,2.3 كم,لا,OSM way/316715212
0134,بنغازي,جنوب شرق بنغازي,الليثي القديم,زمزم,Allithi Alkadeem,32.092939,20.132359,5.7,1.8 كم,لا,OSM node/3318826195
0135,بنغازي,جنوب شرق بنغازي,الهواري,زمزم,Al-Hawary,32.02599,20.127629,11.3,6.8 كم,لا,OSM node/3219897177
0136,بنغازي,جنوب شرق بنغازي,بنغازي الجديدة,زمزم,Benghazi Aljadida,32.083648,20.118406,5.4,2.9 كم,لا,OSM way/327376817
0137,بنغازي,جنوب شرق بنغازي,بوهديمة,زمزم,Bohdemah,32.075944,20.119842,6.1,2.9 كم,لا,OSM node/3277941900
0138,بنغازي,جنوب شرق بنغازي,حي الليثي,زمزم,Allithi,32.089535,20.126441,5.4,2.2 كم,لا,OSM node/3228744337
0139,بنغازي,جنوب شرق بنغازي,حي زمزم,زمزم,Hay Zamzam,32.084618,20.149318,7.5,0.0 كم,لا,OSM way/327365999
0140,بنغازي,جنوب شرق بنغازي,سانيه عزيزه (الشكري,زمزم,,32.09597,20.117748,4.4,3.2 كم,لا,OSM way/325217185
0141,بنغازي,جنوب شرق بنغازي,سوق اللحوم,زمزم,Souq Allhoum,32.100631,20.127466,4.9,2.7 كم,لا,OSM node/3318826201
0142,بنغازي,جنوب شرق بنغازي,سيدي فرج,زمزم,Sidi Faraj,32.046014,20.195604,13.6,6.1 كم,لا,OSM way/325695250
0143,بنغازي,جنوب شرق بنغازي,فيلات الخليج الليثي,زمزم,,32.0859,20.131314,6.1,1.7 كم,لا,OSM way/327376807
0144,بنغازي,جنوب شرق بنغازي,مربع البرناوي,زمزم,,32.095739,20.126018,5.0,2.5 كم,لا,OSM way/325217186
0145,بنغازي,جنوب غرب بنغازي,الكيش,بنغازي,Alkeesh,32.086513,20.064608,4.0,4.0 كم,لا,OSM node/3215498009
0146,بنغازي,جنوب غرب بنغازي,طابلينو,بنغازي,Tabalino,32.078373,20.056762,5.2,5.2 كم,لا,OSM node/3215488239
0147,بنغازي,جنوب غرب بنغازي,قاريونس,بنغازي,Qaryunis,32.046486,20.04178,9.0,9.0 كم,لا,OSM node/1565511847
0148,بنغازي,جنوب غرب بنغازي,قنفودة,بنغازي,Ganfoudah,32.028828,20.017783,11.8,11.8 كم,لا,OSM node/1565511866
0149,بنغازي,شرق بنغازي,أبوعطني,زمزم,Abu-Ittny,32.111733,20.171097,8.5,3.6 كم,لا,OSM way/327227095
0150,بنغازي,شرق بنغازي,أرض الشريف,بنغازي,Ard Alshireef,32.123563,20.119668,3.6,3.6 كم,لا,OSM way/327325859
0151,بنغازي,شرق بنغازي,أرض بعيرة,زمزم,Ard Bai'ra,32.132201,20.188692,10.2,6.5 كم,لا,OSM way/327332230
0152,بنغازي,شرق بنغازي,السرتية,بنغازي,AL SERTIYA,32.115368,20.122567,3.9,3.9 كم,لا,OSM way/327325858
0153,بنغازي,شرق بنغازي,المساكن,زمزم,Almasaken,32.114428,20.149246,6.4,3.3 كم,لا,OSM way/327309910
0154,بنغازي,شرق بنغازي,حى الدولار,زمزم,HAI AL-DOLLAR,32.110852,20.124516,4.2,3.7 كم,لا,OSM way/327325857
0155,بنغازي,شرق بنغازي,حي البرزخ,زمزم,Al-Barzakh,32.111283,20.137695,5.4,3.2 كم,لا,OSM way/327325856
0156,بنغازي,شرق بنغازي,حي الريحان,زمزم,,32.091899,20.193708,11.0,4.3 كم,لا,OSM way/327336355
0157,بنغازي,شرق بنغازي,حي الزهور,زمزم,Azzhoor Suburb,32.104736,20.186745,10.1,4.2 كم,لا,OSM way/327330726
0158,بنغازي,شرق بنغازي,حي المشروبات,زمزم,,32.095028,20.168816,8.7,2.2 كم,لا,OSM way/327330722
0159,بنغازي,شرق بنغازي,حي شبنة,بنغازي,Hai Shebnah,32.133855,20.131172,4.9,4.9 كم,لا,OSM way/327325854
0160,بنغازي,شرق بنغازي,سيدي منصور,زمزم,Sidi Mansour,32.129824,20.229054,14.0,9.0 كم,لا,OSM way/327156233
0161,بنغازي,شمال شرق بنغازي,بوهادي,زمزم,Buhadi,32.177449,20.221661,14.7,12.4 كم,لا,OSM relation/13889163
0162,بنغازي,شمال شرق بنغازي,حي الشقعابي,بنغازي,Asshaq'abi,32.169275,20.136893,7.6,7.6 كم,لا,OSM node/1565509615
0163,بنغازي,شمال شرق بنغازي,قرية العنيزي,بنغازي,Al Maqarin,32.156124,20.146101,7.3,7.3 كم,لا,OSM node/1565512382
0164,مصراتة,جنوب شرق مصراتة,السكيرات,قرارة,Asskeeraat,32.358414,15.124429,3.7,2.5 كم,لا,OSM node/3236056000
0165,مصراتة,جنوب شرق مصراتة,الْأَسْوَاكْ,قرارة,Alaswaak,32.342588,15.133789,5.4,4.4 كم,لا,OSM node/3236067253
0166,مصراتة,جنوب غرب مصراتة,السِّكت,مصراتة,Asseket,32.314022,14.98632,11.9,11.9 كم,لا,OSM node/3235996968
0167,مصراتة,جنوب غرب مصراتة,الغيران,مصراتة,Algheeraan,32.35,15.033333,6.0,6.0 كم,لا,OSM node/1565509104
0168,مصراتة,جنوب مصراتة,كِرْزَازْ,مصراتة,Kerzaaz,32.323994,15.103565,5.8,5.8 كم,لا,OSM node/3235918424
0169,مصراتة,شرق مصراتة,الجَعَافْرَة,قرارة,Alja'aafrah,32.378993,15.135005,4.2,1.6 كم,لا,OSM node/3244787265
0170,مصراتة,شرق مصراتة,الرَّعِيضات,قرارة,Arr'eedhaat,32.362532,15.161218,6.8,4.5 كم,لا,OSM node/3243958445
0171,مصراتة,شرق مصراتة,الرَّمْلَة,قرارة,Arramlah,32.385234,15.1288,3.8,1.2 كم,لا,OSM node/1565512397
0172,مصراتة,شرق مصراتة,الزَّرُّوقْ,قرارة,Azzarroog,32.376658,15.139955,4.6,2.1 كم,لا,OSM node/1565510296
0173,مصراتة,شرق مصراتة,السَّوَاطِي,قرارة,Assawaatee,32.372999,15.160904,6.6,4.1 كم,لا,OSM node/3399841001
0174,مصراتة,شرق مصراتة,العَقِيبْ,قرارة,Alageeb,32.366718,15.165591,7.1,4.7 كم,لا,OSM node/3399846459
0175,مصراتة,شرق مصراتة,المَلَايْطَة,قرارة,Almalaaytah,32.377141,15.184625,8.8,6.3 كم,لا,OSM node/1565511638
0176,مصراتة,شرق مصراتة,الْهَبَارَة,قرارة,Alhabaarah,32.361646,15.148768,5.7,3.6 كم,لا,OSM node/1565512179
0177,مصراتة,شرق مصراتة,سُورْ سْعُودْ,قرارة,Sour So'ood,32.388283,15.153109,6.1,3.4 كم,لا,OSM node/3241803345
0178,مصراتة,شرق مصراتة,قصر أحمد,قرارة,Qaser Ahmed,32.37189,15.198615,10.2,7.6 كم,لا,OSM node/1565512478
0179,مصراتة,شمال غرب مصراتة,الجرداء,مصراتة,,32.40185,15.047467,5.1,5.1 كم,لا,OSM node/4129231696
0180,مصراتة,شمال غرب مصراتة,الجزيرة,مصراتة,,32.40125,15.040363,5.6,5.6 كم,لا,OSM node/1565509295
0181,مصراتة,شمال غرب مصراتة,الجزيرة العتيقة,مصراتة,Aljazeera Old Quarter,32.400136,15.043622,5.2,5.2 كم,لا,OSM node/5861638785
0182,مصراتة,شمال غرب مصراتة,الحبارشة,مصراتة,,32.400337,15.051511,4.7,4.7 كم,لا,OSM node/4129232592
0183,مصراتة,شمال غرب مصراتة,القدارية,مصراتة,,32.396972,15.054864,4.2,4.2 كم,لا,OSM node/4129233461
0184,مصراتة,شمال غرب مصراتة,قرية الكراودة,مصراتة,,32.395763,15.050567,4.4,4.4 كم,لا,OSM node/4129232591
0185,مصراتة,شمال غرب مصراتة,مرباط,مصراتة,,32.406469,15.065659,4.2,4.2 كم,لا,OSM node/4134054068
0186,مصراتة,غرب مصراتة,السواوة,مصراتة,,32.401473,14.997049,9.3,9.3 كم,لا,OSM node/2703789822
0187,مصراتة,غرب مصراتة,الشَّرَاكْسَة,مصراتة,Ashraaksa,32.372375,15.049707,3.8,3.8 كم,لا,OSM node/3171557312
0188,مصراتة,غرب مصراتة,الصَّوَالَحْ,مصراتة,Assaawaleh,32.365538,15.049257,4.0,4.0 كم,لا,OSM node/3171574919
0189,مصراتة,غرب مصراتة,الهاويه,مصراتة,,32.3717,14.992218,9.2,9.2 كم,لا,OSM node/4462659324
0190,مصراتة,غرب مصراتة,بداية منطقة السواوة,مصراتة,,32.401495,15.002406,8.8,8.8 كم,لا,OSM node/4133945289
0191,مصراتة,غرب مصراتة,بوروية,مصراتة,,32.399229,14.957579,12.8,12.8 كم,لا,OSM node/1565511771
0192,مصراتة,غرب مصراتة,زاوية المحجوب,مصراتة,,32.38907,14.984226,10.1,10.1 كم,لا,OSM node/1565513145
0193,مصراتة,غرب مصراتة,سيدي امبارك,مصراتة,Seedee Imbaarak,32.37602,14.990716,9.4,9.4 كم,لا,OSM node/3244616754
0194,مصراتة,مصراتة المركز,أولاد بَعَيُّو,مصراتة,,32.380421,15.079402,1.2,1.2 كم,لا,OSM node/1565511480
0195,مصراتة,مصراتة المركز,أَوْلَادْ بُوشَعَّالَة,مصراتة,Awlaad Bosha'alah,32.3654,15.075777,1.7,1.7 كم,لا,OSM node/3264851737
0196,مصراتة,مصراتة المركز,الرويسات القبلية,مصراتة,,32.354853,15.104866,2.6,2.6 كم,لا,OSM node/5418568531
0197,مصراتة,مصراتة المركز,الرّويسَاتْ,مصراتة,Arrweesaat,32.368347,15.105355,1.6,1.6 كم,لا,OSM node/1565512399
0198,مصراتة,مصراتة المركز,الزَوَابِي,مصراتة,Azzawaabee,32.355485,15.072988,2.7,2.7 كم,لا,OSM node/3244606811
0199,مصراتة,مصراتة المركز,الزّواويّة,مصراتة,Azwaaweya,32.359158,15.061139,3.3,3.3 كم,لا,OSM node/3238570640
0200,مصراتة,مصراتة المركز,الشَّوَاهْدَة,مصراتة,Ashowaahda,32.383487,15.064884,2.6,2.6 كم,لا,OSM node/3238530874
0201,مصراتة,مصراتة المركز,الفَرَاطْسَة,مصراتة,Alfraatsa,32.369232,15.056704,3.2,3.2 كم,لا,OSM node/3171575098
0202,مصراتة,مصراتة المركز,المَقَاصْبَة,مصراتة,Almagaasbah,32.362772,15.094398,1.4,1.4 كم,لا,OSM node/1565511639
0203,مصراتة,مصراتة المركز,المَقَاوْبَة,مصراتة,Almagaawba,32.382423,15.094999,1.0,1.0 كم,لا,OSM node/3172829365
0204,مصراتة,مصراتة المركز,المَنْقُوش,مصراتة,Almangoosh,32.385099,15.097607,1.3,1.3 كم,لا,OSM node/3244635690
0205,مصراتة,مصراتة المركز,الْبِيرَة,مصراتة,Albeera,32.37164,15.079509,1.1,1.1 كم,لا,OSM node/3287144490
0206,مصراتة,مصراتة المركز,الْجَهَانَاتْ,مصراتة,Ajhaanaat,32.366952,15.059775,3.0,3.0 كم,لا,OSM node/3238603672
0207,مصراتة,مصراتة المركز,امَّاطِينْ,مصراتة,Emmaateen,32.376985,15.094398,0.4,0.4 كم,لا,OSM node/3172832486
0208,مصراتة,مصراتة المركز,راس السايح,قرارة,Raas Boohmaar,32.371818,15.120371,2.8,0.9 كم,لا,OSM node/3244611565
0209,مصراتة,مصراتة المركز,رَاسْ التُّوتَة,قرارة,Ras Attootah,32.385595,15.105548,1.9,1.3 كم,لا,OSM node/3244616946
0210,مصراتة,مصراتة المركز,رَاسْ عَلِي,قرارة,Ras Ali,32.380462,15.104884,1.5,1.2 كم,لا,OSM node/3171689592
0211,مصراتة,مصراتة المركز,رَاسْ عَمَّارْ,مصراتة,Raas Ammaar,32.377961,15.087242,0.5,0.5 كم,لا,OSM node/3376359120
0212,مصراتة,مصراتة المركز,زَمُّورَة,مصراتة,Zammoora,32.361208,15.064422,2.9,2.9 كم,لا,OSM node/3238587045
0213,مصراتة,مصراتة المركز,عِبَّاد,مصراتة,Ebbaad,32.39891,15.084118,2.8,2.8 كم,لا,OSM node/3236219253
0214,مصراتة,مصراتة المركز,قرية9 وليو,مصراتة,,32.353279,15.088317,2.4,2.4 كم,لا,OSM node/5418167637
0215,مصراتة,مصراتة المركز,قِرَارَة,قرارة,Graarah,32.380092,15.117874,2.6,0.0 كم,لا,OSM node/1565511824
0216,مصراتة,مصراتة المركز,قْزِيرْ,مصراتة,Gzeer,32.344489,15.085348,3.4,3.4 كم,لا,OSM node/3251583604
0217,مصراتة,مصراتة المركز,يِدِّر,قرارة,Yedder,32.392473,15.111629,2.8,1.5 كم,لا,OSM node/3228010242
0218,الزاوية,الزاوية المركز,أولاد أبوحميرة الضو,الزاوية,Awlad Abu Hamira Al-Daw,32.766667,12.75,1.6,1.6 كم,لا,OSM node/1565509945
0219,الزاوية,الزاوية المركز,ديلة,الزاوية,Dilah,32.785426,12.737424,2.9,2.9 كم,لا,OSM way/126187285
0220,الزاوية,الزاوية المركز,سكنية ديلة,الزاوية,Dila,32.786285,12.736789,3.0,3.0 كم,لا,OSM node/4327038590
0221,الزاوية,الزاوية المركز,قبيلة أولاد أبو حميرة,الزاوية,Awlad Abu Humayra,32.780367,12.714122,3.1,3.1 كم,لا,OSM node/1565511477
0222,الزاوية,جنوب شرق الزاوية,الزهراء الشرقية- بئر ترينة,الزهراء,Eastern Zahra -Bir Trena,32.688673,12.907102,17.9,3.4 كم,لا,OSM way/341829584
0223,زليتن,جنوب زليتن,الحي,زليتن,Area 17,32.361045,14.553145,11.9,11.9 كم,لا,OSM node/8959033528
0224,زليتن,جنوب زليتن,الحي الخامس,زليتن,Area 5,32.345264,14.544413,13.7,13.7 كم,لا,OSM node/8959033529
0225,زليتن,جنوب زليتن,الحي الرابع,زليتن,Area 4,32.352364,14.562685,12.8,12.8 كم,لا,OSM node/8959033527
0226,زليتن,جنوب شرق زليتن,حي أولاد عثمان بن حامد,زليتن,Sons Ottoman Town,32.419526,14.625851,7.8,7.8 كم,لا,OSM node/6319693485
0227,زليتن,زليتن المركز,حي أبوحجر,زليتن,Abu Hajr Town,32.467157,14.575484,0.9,0.9 كم,لا,OSM node/5272799521
0228,زليتن,زليتن المركز,حي بن حمودة,زليتن,Bin Hammouda,32.467626,14.570387,0.4,0.4 كم,لا,OSM node/7039673085
0229,زليتن,زليتن المركز,حي كريبة,زليتن,,32.486565,14.53973,3.2,3.2 كم,لا,OSM node/5852223685
0230,زليتن,شمال شرق زليتن,حي الوليد,زليتن,,32.488137,14.610775,4.8,4.8 كم,لا,OSM node/6301064685
0231,سرت,جنوب سرت,سعدي,سرت,Saadi,31.051084,16.649415,18.3,18.3 كم,لا,OSM node/665114050
0232,سرت,سرت المركز,الجيزة البحرية,سرت,Giza marine district,31.208101,16.599279,1.5,1.5 كم,لا,OSM node/4398657591
0233,سرت,سرت المركز,حي الدولار,سرت,Al-Dular Neighborhood,31.199226,16.570183,1.5,1.5 كم,لا,OSM node/4461491692
0234,سرت,سرت المركز,حي العز 2,سرت,Area 2,31.207777,16.563659,1.9,1.9 كم,لا,OSM node/4456213489
0235,سرت,سرت المركز,حي الفاتح,سرت,Al-Fateh neighborhood,31.197236,16.586927,1.0,1.0 كم,لا,OSM node/4461475392
0236,سرت,سرت المركز,حي رقم 1,سرت,Area 1,31.208803,16.578989,0.5,0.5 كم,لا,OSM node/4398667990
0237,سرت,سرت المركز,رقم 3,سرت,Area 3,31.201079,16.596555,1.3,1.3 كم,لا,OSM node/4408923489
0238,سبها,جنوب شرق سبها,السيوي,الناصرية,Al Siway,27.020926,14.4601,3.5,0.2 كم,لا,OSM way/330826942
0239,سبها,جنوب شرق سبها,حي المطار,الناصرية,hay al matar,27.009662,14.485735,6.4,3.0 كم,لا,OSM node/4187776416
0240,سبها,سبها المركز,اقعيد,سبها,augaid,27.038331,14.431387,0.3,0.3 كم,لا,OSM node/3379415557
0241,سبها,سبها المركز,الثانوية,البردي,Al thanwiyah,27.03138,14.439716,1.2,0.8 كم,لا,OSM node/3378444203
0242,سبها,سبها المركز,الجديد,سبها,Al Jadid,27.049838,14.411968,2.3,2.3 كم,لا,OSM node/1565509250
0243,سبها,سبها المركز,القرضة,سبها,Alqurdah,27.029779,14.433005,0.8,0.8 كم,لا,OSM node/3378515259
0244,سبها,سبها المركز,المنشية,سبها,Al Manshiya,27.028829,14.408803,2.2,2.2 كم,لا,OSM way/331105948
0245,سبها,سبها المركز,المهدية,البردي,Al Mahdiyah,27.047942,14.433206,1.3,1.1 كم,لا,OSM node/3381611497
0246,سبها,سبها المركز,الناصرية,الناصرية,Al nasiriy,27.020633,14.457836,3.4,0.0 كم,لا,OSM node/3358987299
0247,سبها,سبها المركز,بردي,البردي,Bardai,27.038639,14.4379,0.9,0.0 كم,لا,OSM way/330904135
0248,سبها,سبها المركز,حجارة,الناصرية,Hijarah,27.029253,14.460733,3.2,1.0 كم,لا,OSM node/1565510962
0249,سبها,سبها المركز,حي أبناء خالد,الناصرية,hi abna khalid,27.011658,14.435628,2.8,2.4 كم,لا,OSM way/331428359
0250,سبها,سبها المركز,حي أولاد عزاقه,الناصرية,,27.022956,14.446887,2.3,1.1 كم,لا,OSM node/7562468186
0251,سبها,سبها المركز,حي الحساونه,سبها,Hasawneh neighborhood,27.053447,14.427308,1.9,1.9 كم,لا,OSM node/4408400791
0252,سبها,سبها المركز,حي الضباط,الناصرية,hi al dubbat,27.023162,14.443506,2.1,1.4 كم,لا,OSM way/330552225
0253,سبها,سبها المركز,حي الطيوري (الكرامه,الناصرية,hi al ttiwry ( al karama,27.014281,14.442049,2.8,1.7 كم,لا,OSM node/4173336934
0254,سبها,سبها المركز,حي عبدالكافي,سبها,hi Abdul Kafi,27.058892,14.420069,2.6,2.6 كم,لا,OSM node/3382481295
0255,سبها,سبها المركز,سكره,سبها,Sukkara,27.048784,14.423176,1.5,1.5 كم,لا,OSM node/3381632643
0256,سبها,سبها المركز,عمارات صفر واجمع,الناصرية,safir wa ajma,27.017324,14.449709,3.0,0.9 كم,لا,OSM node/3374358983
0257,سبها,سبها المركز,مخيم اربعين,سبها,,27.024245,14.4136,2.0,2.0 كم,لا,OSM way/331410401
0258,البيضاء,البيضاء المركز,الغريقة,البيضاء,Alghareega,32.751115,21.758311,1.1,1.1 كم,لا,OSM way/440493631
0259,البيضاء,البيضاء المركز,حي التفاح البيضاء,البيضاء,Tuffah neighborhood,32.740409,21.768584,2.5,2.5 كم,لا,OSM node/3250445669
0260,البيضاء,البيضاء المركز,حي الكاو,البيضاء,Al Kaw,32.761431,21.734456,2.2,2.2 كم,لا,OSM node/5215165321
0261,درنة,شمال غرب درنة,حي السيدة خديجة,درنة,Mis. Khadija,32.785954,22.572199,6.9,6.9 كم,لا,OSM way/457868128
0262,طبرق,طبرق المركز,الطيرة,طبرق,Tayrah,32.0625,23.983611,2.8,2.8 كم,لا,OSM node/1565512448
0263,طبرق,طبرق المركز,جبيلة النور,طبرق,Al Nour,32.082989,23.96835,1.0,1.0 كم,لا,OSM way/359677353
0264,طبرق,طبرق المركز,جبيلة سيدي يونس,طبرق,sede younes,32.083022,23.965076,0.8,0.8 كم,لا,OSM way/359677339
0265,طبرق,طبرق المركز,حي الأندلس,طبرق,Hayy Al-Andalus,32.105596,23.958441,3.1,3.1 كم,لا,OSM node/5103737334
0266,طبرق,طبرق المركز,حي الناظورة,طبرق,,32.075598,23.939282,2.0,2.0 كم,لا,OSM node/1565512763
0267,طبرق,طبرق المركز,حي النصر الجديد طبرق,طبرق,A Nasr,32.066421,23.941844,2.1,2.1 كم,لا,OSM node/5362081226
0268,أجدابيا,أجدابيا المركز,الحي الصناعي,إجدابيا,The industrial district,30.743156,20.236143,1.8,1.8 كم,لا,OSM node/3225481867
0269,أجدابيا,أجدابيا المركز,الشعبية الغربية,إجدابيا,,30.744724,20.212528,1.5,1.5 كم,لا,OSM node/5208258823
0270,أجدابيا,أجدابيا المركز,حي الفلوجة,إجدابيا,,30.754987,20.252513,2.8,2.8 كم,لا,OSM node/8660483317
0271,أجدابيا,أجدابيا المركز,حي بيروت,إجدابيا,,30.765446,20.253364,3.1,3.1 كم,لا,OSM node/3225481865
0272,أجدابيا,أجدابيا المركز,حي دمشق,إجدابيا,Damascus neighborhood,30.772223,20.239932,2.5,2.5 كم,لا,OSM node/3225481864
0273,أجدابيا,أجدابيا المركز,حي شعبية أطلس,إجدابيا,Atlas,30.763133,20.212553,1.4,1.4 كم,لا,OSM node/3223465115
0274,غريان,شرق غريان,أولاد بورأس,غريان,اولاد بو راس;اولاد بوراس,32.183614,13.07155,4.9,4.9 كم,لا,OSM node/1565509984
0275,غريان,شرق غريان,أولاد جاربو,غريان,Awlad Jarbu,32.180131,13.083156,5.9,5.9 كم,لا,OSM node/1565509990
0276,غريان,شمال شرق غريان,أولاد جمعة,غريان,Awlad Juma'a,32.22,13.048333,6.0,6.0 كم,لا,OSM node/1565511752
0277,غريان,شمال شرق غريان,أولاد سليم,غريان,Awlad Salim,32.209167,13.048333,4.9,4.9 كم,لا,OSM node/1565510102
0278,غريان,شمال شرق غريان,أولاد منصور,غريان,اولاد منصور,32.201288,13.067933,5.5,5.5 كم,لا,OSM node/1565510035
0279,غريان,شمال شرق غريان,السواعدية,غريان,السواعديه,32.220278,13.082778,7.9,7.9 كم,لا,OSM node/1565509672
0280,غريان,شمال شرق غريان,الميامين,غريان,Al Mayamin,32.232106,13.055402,7.5,7.5 كم,لا,OSM node/1565512312
0281,غريان,شمال شرق غريان,النخلين,غريان,An Nakhlayn,32.202918,13.044992,4.1,4.1 كم,لا,OSM node/1565509519
0282,غريان,شمال شرق غريان,قارات,غريان,قرية قارات,32.211944,13.075833,6.8,6.8 كم,لا,OSM node/1565511835
0283,غريان,شمال غريان,ابوسلامه,غريان,Qabilat Awlad Abu Salamah,32.261708,13.053439,10.5,10.5 كم,لا,OSM node/1565511474
0284,غريان,شمال غريان,الأبقار,غريان,Al Abqar,32.262277,13.031941,10.1,10.1 كم,لا,OSM node/1565511599
0285,غريان,شمال غريان,الجواهلية,غريان,Al Jawahiliyah,32.208961,13.038471,4.5,4.5 كم,لا,OSM node/1565509262
0286,غريان,شمال غريان,الدراريفة,غريان,Al Dararifah,32.209433,13.030403,4.3,4.3 كم,لا,OSM node/1565512137
0287,غريان,شمال غريان,الرحبة,غريان,Awlad Abu Salamah,32.253104,13.031991,9.1,9.1 كم,لا,OSM node/1565511677
0288,غريان,شمال غريان,الزمامقة,غريان,Al Zamamiqa,32.248056,13.036944,8.6,8.6 كم,لا,OSM node/1565510276
0289,غريان,شمال غريان,بني يخلف,غريان,Bani Yakhlif,32.229783,13.035103,6.6,6.6 كم,لا,OSM node/1565510460
0290,غريان,شمال غريان,عريفة,غريان,Arefa,32.224283,13.04302,6.2,6.2 كم,لا,OSM node/1565512000
0291,غريان,شمال غريان,قبيلة أبو سهامة,غريان,ابوسهامه,32.267524,13.04379,10.9,10.9 كم,لا,OSM node/1565511470
0292,غريان,غرب غريان,المناصير,الأصابعة,Al Manasir,32.161389,12.831667,17.9,14.5 كم,لا,OSM node/1565509406
0293,غريان,غريان المركز,أولاد علي,غريان,Awlad Ali,32.159167,13.004167,2.1,2.1 كم,لا,OSM node/1565510210
0294,ترهونة,ترهونة المركز,النعاعجة,ترهونة,Al Na’aja,32.426778,13.646587,1.4,1.4 كم,لا,OSM node/4448538390
0295,صرمان,جنوب شرق صرمان,الحاشية الحمراء,صرمان,Al Hashiyah al Hamrah,32.714034,12.601279,5.2,5.2 كم,لا,OSM node/1565509170
0296,صرمان,جنوب صرمان,الجليدة,الجليدة,Al-Jleda,32.640471,12.533372,13.3,0.0 كم,لا,OSM node/10537434728
0297,صرمان,جنوب صرمان,القمودية,الجليدة,Al-Gammoudiyah,32.605791,12.50327,17.9,4.8 كم,لا,OSM node/10537434732
0298,صرمان,جنوب صرمان,القناوية,الجليدة,Al Qanawiyah,32.687494,12.548193,7.9,5.4 كم,لا,OSM node/10536523509
0299,صرمان,جنوب غرب صرمان,أم الحشان,صرمان,Om Al Haššan,32.713947,12.528403,6.3,6.3 كم,لا,OSM node/10459610361
0300,صرمان,جنوب غرب صرمان,السهل الأخضر,الجليدة,Al Sahl Al Akhdar,32.669976,12.510338,11.2,3.9 كم,لا,OSM node/10561765910
0301,صرمان,جنوب غرب صرمان,الهبالة,الجليدة,Al-Habbalah,32.657394,12.479224,14.0,5.4 كم,لا,OSM node/10537434731
0302,صرمان,جنوب غرب صرمان,فطناسة,صرمان,Fatnaṣa,32.732245,12.531924,4.7,4.7 كم,لا,OSM node/10537434730
0303,صرمان,شمال غرب صرمان,محلة الشاطئ الغربية,صرمان,West Al Shati’ suburb,32.788388,12.555037,4.1,4.1 كم,لا,OSM node/12289941119
0304,صرمان,صرمان المركز,أبو هلال,صرمان,Abu Helal,32.761783,12.552664,2.2,2.2 كم,لا,OSM node/10459610359
0305,صرمان,صرمان المركز,أبي الريش,صرمان,Abi Ar Rish,32.74051,12.545891,3.1,3.1 كم,لا,OSM way/1120149988
0306,صرمان,صرمان المركز,الخروب,صرمان,Al ḵarroub,32.747903,12.600581,2.6,2.6 كم,لا,OSM node/10552890456
0307,صرمان,صرمان المركز,الشاطئ,صرمان,Al Shati’,32.779699,12.585732,2.9,2.9 كم,لا,OSM node/10536523510
0308,صرمان,صرمان المركز,العين,صرمان,Al ‘Ain,32.741848,12.565242,1.7,1.7 كم,لا,OSM node/10459610357
0309,صرمان,صرمان المركز,حي الوحدة,صرمان,Al Wehda NBHD,32.729325,12.562612,3.1,3.1 كم,لا,OSM node/12289941117
0310,صرمان,صرمان المركز,حي خالد بن الوليد,صرمان,Khalid ibn al-Walid NBHD.,32.76611,12.564652,1.5,1.5 كم,لا,OSM node/10536442427
0311,صرمان,صرمان المركز,رأس الرمرام,صرمان,Ra’s Ar Ramram,32.731983,12.596888,3.3,3.3 كم,لا,OSM node/10537434729
0312,صرمان,صرمان المركز,سيدي زكري,صرمان,Sidi Zekri,32.749338,12.582685,1.0,1.0 كم,لا,OSM node/10476898707
0313,صرمان,صرمان المركز,سيدي مخلوف,صرمان,Sidi Makhlouf,32.732794,12.577102,2.5,2.5 كم,لا,OSM node/10476898706
0314,صرمان,صرمان المركز,عطاف,صرمان,‘Attaf,32.760889,12.595617,2.1,2.1 كم,لا,OSM node/10459610358
0315,صرمان,صرمان المركز,محلة الساحل,صرمان,As Sahel Suburb,32.770231,12.55675,2.4,2.4 كم,لا,OSM node/10459610370
0316,الأبيار,الأبيار المركز,حي السوق الفوفي,الأبيار,El Souq,32.183772,20.594219,0.7,0.7 كم,لا,OSM node/8986323786
0317,التضامن,شمال شرق التضامن,الفوقيا,مزدة,,31.442442,12.978137,13.4,0.9 كم,لا,OSM node/6305586385
0318,التضامن,شمال شرق التضامن,الكازيرما,مزدة,,31.441018,12.985682,14.0,1.0 كم,لا,OSM node/6305496986
0319,الزنتان,الزنتان المركز,عبد الله أحمد الرماح,الزنتان,,31.906494,12.236512,2.8,2.8 كم,لا,OSM node/8423660659
0320,العزيزية,شرق العزيزية,شعبية سبيعة,اسبيعة,Old Asbea,32.53919,13.175198,14.8,0.4 كم,لا,OSM node/6336100486
0321,العزيزية,شمال شرق العزيزية,سوق السبت,اسبيعة,Sooq Alsabit,32.586794,13.102386,9.9,8.9 كم,لا,OSM node/7211904585
0322,العوينية,غرب العوينية,شعبية السوق,الرياينة,,31.996272,12.347513,10.5,0.3 كم,لا,OSM node/5539196624
0323,المرج,المرج المركز,المنطقة الرابعة,المرج,Area 4,32.498822,20.833319,1.5,1.5 كم,لا,OSM node/3264770698
0324,المرج,المرج المركز,حي الحلق المرج,المرج,Al Halk,32.479853,20.811426,2.1,2.1 كم,لا,OSM node/5204065325
0325,المرج,المرج المركز,حي الخمسمئة,المرج,500 Suburb,32.490291,20.829047,0.7,0.7 كم,لا,OSM node/3264770531
0326,المرج,المرج المركز,حي السبعمئة,المرج,700 Suburb,32.490558,20.825128,0.9,0.9 كم,لا,OSM node/3264770761
0327,المرج,المرج المركز,حي كاف,المرج,Kaf suburb,32.490707,20.820067,1.3,1.3 كم,لا,OSM node/5199473630
0328,المرج,المرج المركز,منطقة ألف,المرج,,32.47891,20.829503,0.8,0.8 كم,لا,OSM node/5199502722
0329,المرج,المرج المركز,منطقة ب,المرج,Area B,32.476411,20.844748,1.5,1.5 كم,لا,OSM node/5200369222
0330,بني وليد,بني وليد المركز,الجدارة,بني وليد,Al Jadarah,31.770099,14.031872,1.8,1.8 كم,لا,OSM node/6481858985
0331,بني وليد,بني وليد المركز,الحصنة,بني وليد,Al Hosna,31.766622,14.016929,0.7,0.7 كم,لا,OSM node/7138804810
0332,بني وليد,بني وليد المركز,الحلمة,بني وليد,Al Helema,31.76545,14.008161,1.1,1.1 كم,لا,OSM node/7138699548
0333,بني وليد,بني وليد المركز,الدوايرة,بني وليد,Addawaira,31.770769,13.998011,2.2,2.2 كم,لا,OSM way/765251944
0334,بني وليد,بني وليد المركز,السوق,بني وليد,El Souq,31.749974,14.019302,1.1,1.1 كم,لا,OSM way/765417521
0335,بني وليد,بني وليد المركز,الفروسية,بني وليد,Al Forosiya,31.737133,14.018474,2.5,2.5 كم,لا,OSM way/765251943
0336,بني وليد,بني وليد المركز,اللوام,بني وليد,Ellawam,31.746715,14.002173,2.1,2.1 كم,لا,OSM node/7140448697
0337,بني وليد,بني وليد المركز,المناسلة,بني وليد,Al Manassla,31.781309,13.990872,3.4,3.4 كم,لا,OSM node/7136882154
0338,بني وليد,بني وليد المركز,حي الحدادة,بني وليد,Al Hadadda,31.756202,14.050077,3.1,3.1 كم,لا,OSM node/7137884080
0339,بني وليد,بني وليد المركز,حي السكبة,بني وليد,Al-Sakba,31.749053,13.991286,2.7,2.7 كم,لا,OSM node/7138780651
0340,بني وليد,بني وليد المركز,حي السهول البطومة,بني وليد,Souhol Al-Batuma,31.761448,14.036583,1.8,1.8 كم,لا,OSM node/8147854417
0341,بني وليد,بني وليد المركز,حي العواسة,بني وليد,,31.776336,14.03808,2.7,2.7 كم,لا,OSM node/13233232985
0342,بني وليد,بني وليد المركز,حي الغزالات,بني وليد,,31.761598,14.042366,2.4,2.4 كم,لا,OSM node/7613361302
0343,بني وليد,بني وليد المركز,حي القادسية,بني وليد,,31.74211,14.023294,2.1,2.1 كم,لا,OSM way/1079452903
0344,بني وليد,بني وليد المركز,حي القوايدة,بني وليد,Al Qawaida,31.7492,14.011692,1.3,1.3 كم,لا,OSM node/7138793839
0345,بني وليد,بني وليد المركز,شعبية السوق,بني وليد,Residence Market,31.747461,14.016873,1.4,1.4 كم,لا,OSM node/6299255888
0346,بني وليد,بني وليد المركز,قبيلة الزلابة,بني وليد,AZzalaba,31.753293,13.999703,1.8,1.8 كم,لا,OSM node/8039350485
0347,بني وليد,بني وليد المركز,قرية الفاتح,بني وليد,village of the FATIH,31.734128,14.010616,2.9,2.9 كم,لا,OSM node/6299255891
0348,بني وليد,بني وليد المركز,لودينات,بني وليد,Ludinat,31.768748,14.036537,2.1,2.1 كم,لا,OSM node/8042149692
0349,بني وليد,بني وليد المركز,مساكن مصنع الصوف,بني وليد,Wool Complex Suburb,31.739716,14.03083,2.6,2.6 كم,لا,OSM node/7136882144
0350,بني وليد,جنوب بني وليد,حي51,بني وليد,Neihbourhood 51,31.681706,13.98078,9.4,9.4 كم,لا,OSM node/6278601487
0351,بني وليد,جنوب شرق بني وليد,الحي الصناعي بني وليد,بني وليد,Industrial Tawon,31.735083,14.041856,3.6,3.6 كم,لا,OSM node/6327664787
0352,بني وليد,جنوب شرق بني وليد,حي الغوارات,بني وليد,Ghawarat  Tawon,31.72376,14.050949,5.1,5.1 كم,لا,OSM node/6333538086
0353,بني وليد,جنوب شرق بني وليد,فدراج,بني وليد,Fidraj,31.733968,14.081792,6.7,6.7 كم,لا,OSM node/7516411650
0354,بني وليد,جنوب غرب بني وليد,الظهرة,بني وليد,Addahra,31.741209,13.98004,4.1,4.1 كم,لا,OSM node/7505008118
0355,بني وليد,جنوب غرب بني وليد,حي الدولول,بني وليد,Addolol district,31.741893,13.971134,4.8,4.8 كم,لا,OSM node/7138779078
0356,بني وليد,جنوب غرب بني وليد,حي طريق المطار,بني وليد,Airport Road district,31.726849,13.972129,5.6,5.6 كم,لا,OSM way/765250217
0357,بني وليد,شرق بني وليد,الطبول,بني وليد,Attobol,31.765032,14.055976,3.7,3.7 كم,لا,OSM node/7231708821
0358,بني وليد,شرق بني وليد,الفقهاء,بني وليد,Al Fogha,31.769346,14.056508,3.8,3.8 كم,لا,OSM node/7231708820
0359,بني وليد,شمال شرق بني وليد,أولاد بوراس,بني وليد,Awlad Bu ras,31.789485,14.084431,7.1,7.1 كم,لا,OSM node/7231704459
0360,بني وليد,شمال شرق بني وليد,الإعطيّات,بني وليد,Utaiyat,31.790187,14.073738,6.3,6.3 كم,لا,OSM node/7231708813
0361,بني وليد,شمال شرق بني وليد,الاساحقة,بني وليد,lasahiqa,31.820806,14.079838,9.0,9.0 كم,لا,OSM node/7233500025
0362,بني وليد,شمال شرق بني وليد,التلمات,بني وليد,Atlomatt,31.783333,14.05,4.0,4.0 كم,لا,OSM node/1565509074
0363,بني وليد,شمال شرق بني وليد,السهول تلمات,بني وليد,Assohul Tlummat,31.775403,14.053972,3.9,3.9 كم,لا,OSM node/7231708817
0364,بني وليد,شمال شرق بني وليد,الفطمان,بني وليد,Al Fetman,31.831266,14.106633,11.6,11.6 كم,لا,OSM node/7231690440
0365,بني وليد,شمال شرق بني وليد,حي الزيادات,بني وليد,Al Ziyadat,31.831255,14.08986,10.5,10.5 كم,لا,OSM node/7142681955
0366,بني وليد,شمال شرق بني وليد,حي اللطفة,بني وليد,Tribe Allotfh,31.829765,14.097059,10.8,10.8 كم,لا,OSM node/4411039691
0367,بني وليد,شمال شرق بني وليد,حي لبدور,بني وليد,Labdur,31.803724,14.078386,7.5,7.5 كم,لا,OSM node/7231704463
0368,بني وليد,غرب بني وليد,السويداء,بني وليد,As-Suwayda,31.747305,13.965775,5.1,5.1 كم,لا,OSM way/765251161
0369,بني وليد,غرب بني وليد,النورة,بني وليد,Al Noura,31.761108,13.955369,5.9,5.9 كم,لا,OSM node/7140402050
0370,بني وليد,غرب بني وليد,حي التخاخة,بني وليد,Al Takhakha,31.752334,13.979609,3.7,3.7 كم,لا,OSM node/7139010136
0371,بني وليد,غرب بني وليد,حي الرزقة,بني وليد,Al Rozkah,31.753466,13.965397,5.0,5.0 كم,لا,OSM node/7138779079
0372,جالو,جالو المركز,اللبه,جالو,Al Labbah,29.032397,21.566073,1.7,1.7 كم,لا,OSM node/1565509337
0373,جالو,جالو المركز,حي الحزيرة,جالو,Al Jazerz,29.041222,21.527101,2.2,2.2 كم,لا,OSM node/7603028387
0374,جالو,جنوب غرب جالو,رشيده,جالو,Rashidah,29.014867,21.51621,3.7,3.7 كم,لا,OSM node/1565512611
0375,جالو,شمال جالو,الحي الجديد جالو,جالو,,29.080272,21.560442,5.4,5.4 كم,لا,OSM node/5036791521
0376,جالو,شمال غرب جالو,الشرف,جالو,Al-Shuraf District,29.059528,21.481725,7.1,7.1 كم,لا,OSM node/5036779721
0377,جالو,شمال غرب جالو,الشوراف,جالو,Al Hiri,29.048559,21.51575,3.6,3.6 كم,لا,OSM node/1565509835
0378,جالو,غرب جالو,مصليوه,جالو,Masliwah,29.049925,21.499914,5.1,5.1 كم,لا,OSM node/1565511351
0379,مدينة البريقة,جنوب غرب مدينة البريقة,البريقة القديمة,,Old Brega,30.391492,19.626116,7.5,غير محدد,لا,OSM node/4199546701
0380,مدينة البريقة,غرب مدينة البريقة,المنطقة الأولى,,منطقة 1;المنطقه الاولي,30.405965,19.572321,11.8,غير محدد,لا,OSM node/4199546700
0381,مدينة البريقة,مدينة البريقة المركز,الحي الجامعي,,University Suburb,30.411832,19.669611,2.8,غير محدد,لا,OSM node/4199546698
0382,مرزق,مرزق المركز,حي ال17,مرزق,17,25.905403,13.914932,1.1,1.1 كم,لا,OSM node/5358926527
0383,مرزق,مرزق المركز,حي الديسة,مرزق,dissa zone,25.919804,13.922898,0.7,0.7 كم,لا,OSM node/5358951622
0384,مرزق,مرزق المركز,حي الصناعي,مرزق,Industrial Town,25.921971,13.911748,1.2,1.2 كم,لا,OSM node/5372933922
0385,مرزق,مرزق المركز,حي الملاحة,مرزق,Hayy Al Mahalla,25.91538,13.921921,0.3,0.3 كم,لا,OSM node/5358920926
0386,مرزق,مرزق المركز,حي سكرة,مرزق,sukara zone,25.920562,13.929231,1.2,1.2 كم,لا,OSM node/5358951623
0387,مرزق,مرزق المركز,حي عداوي,مرزق,Hayy Al Adawi,25.9109,13.931707,1.3,1.3 كم,لا,OSM node/5358926528
0388,مسلاتة المركز,غرب مسلاتة المركز,مارغنه حلق الناقة,,Marganh Halq Anaga,32.5539,13.863517,16.9,غير محدد,لا,OSM node/13763197851
0389,مسلاتة المركز,مسلاتة المركز المركز,الزعفران,الخمس,Za`faran,32.589666,14.030127,1.5,23.3 كم,لا,OSM node/1565511598
0390,مسلاتة المركز,مسلاتة المركز المركز,السوادنية,الخمس,Swadenia,32.576746,14.041815,0.4,22.8 كم,لا,OSM node/2120840235
0391,مسلاتة المركز,مسلاتة المركز المركز,وادينة,الخمس,Wadinah,32.574396,14.041598,0.6,22.9 كم,لا,OSM node/1565511594
0392,نالوت,نالوت المركز,الرحبه,نالوت,alrahbah,31.867915,10.98483,0.5,0.5 كم,لا,OSM node/9064061120
0393,نالوت,نالوت المركز,الملعب البلدي البورطا,نالوت,,31.862739,10.984876,0.2,0.2 كم,لا,OSM node/9066640384
0394,نالوت,نالوت المركز,حي برددة,نالوت,Berdada,31.85807,10.980593,0.7,0.7 كم,لا,OSM node/9072267746
0395,نالوت,نالوت المركز,شارع أفريقيا,نالوت,,31.861456,10.98656,0.4,0.4 كم,لا,OSM node/9064864373
0396,نالوت,نالوت المركز,شارع الرحبت,نالوت,Arahbat Street,31.866249,10.983041,0.3,0.3 كم,لا,OSM node/9178941973
0397,نالوت,نالوت المركز,شارع الرحبه,نالوت,Al Rahba Street,31.867037,10.983993,0.4,0.4 كم,لا,OSM node/9064828676
0398,نالوت,نالوت المركز,قصر نالوت,نالوت,Aghrem n Nalut,31.867281,10.986782,0.5,0.5 كم,لا,OSM node/9064866992
0399,نالوت,نالوت المركز,محل ابناء سعيد المواد الغذائية,نالوت,,31.866061,10.98263,0.3,0.3 كم,لا,OSM node/9078258303
0400,هون,هون المركز,حي الجماعات,,Al jamaa apartment,29.132095,15.937383,0.9,غير محدد,لا,OSM node/4743460822
0401,هون,هون المركز,شعبية سوزاي,,,29.123577,15.962139,2.1,غير محدد,لا,OSM node/4110645289
0402,هون,هون المركز,عمارات الصور,,,29.12189,15.930799,1.0,غير محدد,لا,OSM node/8349196817
0403,ودان,ودان المركز,الرواغة,,A roghah,29.178233,16.160699,2.7,غير محدد,لا,OSM node/4197740816
0404,ودان,ودان المركز,الصوان,,Sawwan,29.170472,16.155289,1.7,غير محدد,لا,OSM way/331512876
0405,ودان,ودان المركز,المقرون,,Al mgron,29.147147,16.144133,1.6,غير محدد,لا,OSM node/4197740820
0406,ودان,ودان المركز,النقازه,,Anakazh,29.174879,16.149605,1.7,غير محدد,لا,OSM node/4197740817
0407,ودان,ودان المركز,لبلاد,,LBLAD,29.161239,16.134821,0.6,غير محدد,لا,OSM node/4197740818
